Classifier,Acc - Train,Acc - Primary test,Acc - Secondary test
Variance classifier,0.8048780487804879,0.7674418604651163,0.975
Full classifier,0.6585365853658537,0.627906976744186,0.65
